major_class_code,total_disability
A,3.293333137173998e-05
B,5.169063559133992e-06
C,9.14526629692937e-06
D,0.0005991791769097828
E,0.005516583678417308
F,0.00017662984074806687
G,0.0010958241866984159
H,0.0013018606398681781
I,0.0031375524290423716
J,0.0008782221699130662
K,0.00032302325285089845
L,0.0009364130325888021
M,0.0005681647955549788
N,0.0004029967913945568
O,0.00032108701499597203
P,0.0031322450627793144
Q,0.00021329734512573644
R,0.0025776857957227916
